target_name,name,median_ci_range,median_abs_bias,sd_abs_bias
Lambda,MLE,0.06614000000000003,0.012045423379248993,0.019149950340136602
Lambda,"NAS",0.1335267173355907,0.04600930057332819,0.09295130545054485
Lambda,ELBn,0.1672598148091919,0.03501858561185189,0.06751219565787578
Regression Slope,MLE,0.03821852916421374,0.008698237698582939,0.0089765771908762
Regression Slope,"NAS",0.07992011443364067,0.051343397944001085,0.044202011804517785
Regression Slope,ELBn,0.09234952627494623,0.030018586505135142,0.03532176070862589
