target_name,name,n,median_ci_range,mean_abs_bias,sd_abs_bias
Lambda,MLE,9000,0.06591999999999998,0.011878259633089583,0.019407930053116067
Lambda,L2n,9000,0.1315487763477278,0.044960246452804165,0.09588723356089375
Lambda,ELBn,8587,0.16990154990118222,0.035062121859545714,0.06773918743428647
Regression Slope,MLE,6000,0.037696798917974984,0.00840221620434592,0.009396147793402624
Regression Slope,L2n,6000,0.08051052731740724,0.05069112449719369,0.042449390103211374
Regression Slope,ELBn,6000,0.09048111092513862,0.029935123199613417,0.032569808153084495
