name,id,diff_abs_mean,diff_abs_sd
ELBn,large_x,0.07809164022788384,0.08261100243227441
ELBn,main,0.07809164022788384,0.08261100243227441
ELBn,small_m,0.09762485211623291,0.06697268864089274
L2n,large_x,0.12764708986105763,0.10281019347489458
L2n,main,0.12764708986105763,0.10281019347489458
L2n,small_m,0.07658873875738002,0.060147606075785155
MLE,large_x,0.02525576160529976,0.022546119673486267
MLE,main,0.02525576160529976,0.022546119673486267
MLE,small_m,0.028861922347883814,0.0235750252277781
