name,mu_slope,sd_slope,p25,p50,p975
ELBn,-0.9370507171836703,0.048169973892794815,-0.9702418730521083,-0.9414413035397243,-0.8299228240901012
MLE,-0.9956428872987915,0.016142391789924448,-1.0058977987279523,-0.9954691573619567,-0.9634066663121783
NAS,-0.8679045798565025,0.043552370481003716,-0.8963636193191054,-0.8710963262336064,-0.7760376914842927
