name,term,estimate,std.error,statistic,p.value,abs_change
NAS,mat.c,-0.0043363448943170325,0.0016359989278354526,-2.650579300839969,0.008853148340692008,-0.12575400193519395
ELBn,mat.c,-0.0021501284594583406,0.0016538452850103317,-1.300078356147388,0.19546746578716753,-0.06235372532429188
MLE,mat.c,-0.0056868704205262815,0.0012261220402235138,-4.638094931797819,7.330017278392358e-6,-0.16491924219526216
