name,term,estimate,std.error,statistic,p.value
NAS,mat.c,-0.0017200173882939433,0.0011498961445755905,-1.495802378682447,0.1366999185597131
ELBn,mat.c,-0.0032577371379995585,0.002082289171734819,-1.5644979488057549,0.11970135416065585
MLE,mat.c,-0.0029799317074575334,7.898216049588897e-4,-3.772917439518053,2.2775768906875204e-4
