name,mu_slope,sd_slope,p25,p50,p975
ELBn,-0.09780213353884541,0.07832498861699459,-0.14418542042409999,-0.09472577313229566,0.051106399416853604
MLE,-0.09966569760492716,0.021205829069300908,-0.113842903999929,-0.09968585287825883,-0.05953674194907378
NAS,-0.08912265214377069,0.06375138583375778,-0.13162445575096482,-0.09066010208636921,0.04106052382025027
