name,mu_slope,sd_slope,p25,p50,p975
ELBn,-0.46362089422852454,0.0714925990187147,-0.5098309632916277,-0.4701508138683552,-0.3302996366715237
MLE,-0.49783732884769527,0.025558710951745677,-0.5147257038376042,-0.4968517248865821,-0.4458576843420785
NAS,-0.42782646541163333,0.0681106375292112,-0.47319607484517084,-0.4311811524968142,-0.2793903179033708
