name,mu_slope,sd_slope,p25,p50,p975
ELBn,-0.004636782522336678,7.108374961931154e-4,-0.0051215157285754535,-0.004673235621760386,-0.003295123731684318
MLE,-0.004973714354720517,2.5357548400827185e-4,-0.005149313571582049,-0.004975990568651596,-0.004474611610863307
NAS,-0.004275056339787398,6.89091393318682e-4,-0.004743409844638989,-0.0043233058680204346,-0.002753111749553408
