name,mu_slope,sd_slope,p25,p50,p975
ELBn,-0.4668127460128335,0.05247944255526359,-0.497869251115203,-0.465247824987822,-0.36896394904719426
L2n,-0.479165688119462,0.049644260582759725,-0.5106286626189546,-0.47817045714317685,-0.384406191981821
MLE,-0.4981728862706349,0.024216191267786086,-0.5140327963868486,-0.49742022180186213,-0.4526674504027999
