name,mu_slope,sd_slope,p25,p50,p975
ELBn,-0.4610827705434761,0.06228971287137771,-0.5034791505099594,-0.46827284000351055,-0.31167253214015606
MLE,-0.4978151443741953,0.021640394643813517,-0.5129075896491287,-0.4969456666191373,-0.4554214903219855
"NAS",-0.4191480894604956,0.061133209526984825,-0.4581627668234748,-0.42353820558977706,-0.28712616329142526
