name,mu_slope,sd_slope,p25,p50,p975
ELBn,-0.46591970498326557,0.05199827129772175,-0.5006607258409188,-0.4652556736841458,-0.3721943345490403
MLE,-0.49805970931556415,0.023711207484816636,-0.5138555310413222,-0.49781922789580435,-0.45215001121615916
NAS,-0.4792529376162493,0.050168325423966785,-0.5125115024700144,-0.4780688934631016,-0.3890861582991354
