name,mu_slope,sd_slope,p25,p50,p975
ELBn,-0.004610827705434763,6.228971287137776e-4,-0.005034791505099598,-0.004682728400035108,-0.003116725321401562
MLE,-0.004978151443743901,2.1640394643911566e-4,-0.005129075896491291,-0.004969456666191376,-0.004554214903219858
NAS,-0.004191480894604959,6.113320952698487e-4,-0.00458162766823475,-0.004235382055897772,-0.0028712616329142544
