name,mu_slope,sd_slope,p25,p50,p975
ELBn,2.0155336860420986e-4,0.06536356989465132,-0.045507604623791824,-0.0010810065935831586,0.13380877686328702
MLE,-5.117947168258893e-4,0.019437821612599302,-0.012305782957466227,-0.0010316582994871417,0.03784221838296214
NAS,-2.592951506934591e-4,0.05684669517586318,-0.03913128456012406,-0.0013044587111672942,0.11865681311994804
