name,mu_slope,sd_slope,p25,p50,p975
ELBn,-0.00462963602330302,5.857468207924516e-4,-0.005031605936898944,-0.004672089699156877,-0.0032186707459822637
L2n,-0.004200493921317891,5.74908472021845e-4,-0.004582431422782755,-0.004235211506478981,-0.002983261692259726
MLE,-0.004979172122440804,2.2043683299348462e-4,-0.005116900154652773,-0.00497396333434086,-0.00455761367565736
