name,mu_slope,sd_slope,p25,p50,p975
ELBn,-0.4637729203376524,0.050722336932782094,-0.4978722590214894,-0.46623281111036996,-0.35631246013208157
MLE,-0.4990058571544462,0.017483462057848734,-0.510507878193166,-0.49778322433792055,-0.4665197575709785
NAS,-0.4265067303379853,0.04984372136907613,-0.46013379053347,-0.4308528254454429,-0.32071907169330527
