name,mu_slope,sd_slope,p25,p50,p975
ELBn,-0.2184213618172939,0.032718314003834736,-0.2378777546562858,-0.21826207730332564,-0.1557542813589783
MLE,-0.24872181580239433,0.011155761574401787,-0.25633071369160176,-0.24873679405518606,-0.22703791887752398
NAS,-0.19321014756842259,0.026601072735511547,-0.21139055063884651,-0.19485158199410368,-0.14118831228411216
