name,mu_slope,sd_slope,p25,p50,p975
ELBn,-5.952479949525649e-4,0.02494813354971303,-0.016516249627574493,-9.855406550268557e-4,0.046115097723771974
MLE,-2.6249975938729016e-4,0.009964731229946705,-0.00632038238960413,-7.342508339241627e-4,0.01932252307170352
NAS,-7.137940241115078e-4,0.015995430664781044,-0.011308846942789039,-9.407717713683516e-4,0.03179771201595528
