name,mu_slope,sd_slope,p25,p50,p975
ELBn,-0.4872586540041383,0.02130152178053452,-0.501646766327859,-0.48607145738880975,-0.4485059622844197
MLE,-0.4985333308967662,0.009316613720689343,-0.5048429823710455,-0.49837046280919106,-0.4812106199517451
NAS,-0.4663994910986674,0.014519641931842856,-0.4759968526955169,-0.46587727440232146,-0.4392823268717479
