name,mu_slope,sd_slope,p25,p50,p975
ELBn,-0.19450092285594323,0.016954968209099138,-0.20671493285977613,-0.19488759615687146,-0.16136509102460847
MLE,-0.1991203525863153,0.008079284607896768,-0.20506098751786717,-0.1990710887783258,-0.18323382651256997
NAS,-0.1743080445106928,0.012296190391870397,-0.18331730015632486,-0.17434626789032937,-0.1514496311491627
